{
    "name": "model_22222222222222",
    "note": null,
    "Accuracy": 0.6716417910447762,
    "Confusion_matrix": [
        [
            90,
            0
        ],
        [
            44,
            0
        ]
    ],
    "Precision": 0.0,
    "Recall": 0.0,
    "F1-score": 0.0,
    "Auc": 0.8393939393939394,
    "Classification_report": "              precision    recall  f1-score   support\n\n        -1.0       0.67      1.00      0.80        90\n         1.0       0.00      0.00      0.00        44\n\n    accuracy                           0.67       134\n   macro avg       0.34      0.50      0.40       134\nweighted avg       0.45      0.67      0.54       134\n",
    "VN_pointwise": 11792.0,
    "VN_logical": 280.0,
    "VN_consistency": 0.0,
    "VN_all": 12072.0,
    "VR_pointwise": 1.0,
    "VR_logical": 0.15217391304347827,
    "VR_consistency": 0.0,
    "VR_all": 0.31688366232675347
}